img,img_link,title
,/r/india/comments/76bsxz/modi_asks_to_not_keep_cash_deposit_in_icici_bank/,"Modi asks to not keep cash, deposit in ICICI Bank atm gets hacked and lose 1.8lacs [NP]"
,/r/facepalm/comments/76c1y0/its_a_string/,It's a string...
,/r/boottoobig/comments/76c52q/roses_are_red_this_mailbox_is_mine/,"roses are red, this mailbox is mine"
,https://imgur.com/PZOGOFr,Jose Mourinho reunited with Louis Van Gaal
,http://ns.umich.edu/new/releases/25131-minor-parole-violations-behind-high-rate-of-reincarceration,"People convicted of felonies are more likely to return to prison if they are sentenced to prison rather than probation, according to a University of Michigan study."
,https://i.imgur.com/Fbi2xan.png,Ink that make you think [OC]
,https://i.imgur.com/i3v1ZI2.jpg,Instant Messengering
,https://i.imgur.com/Um9Z1hW.gifv,Sphalerite
,https://i.redd.it/hm3e6mqkhsrz.jpg,Problems of IT
,https://gfycat.com/InconsequentialFrenchEagle,Unusual accident involving Sergio Perez back in Formula BMW
,https://twitter.com/squawkanews/status/919195073786638341,"Jurgen Klopp on Man Utd performance: ""For sure, you could not play this way at Liverpool but it's ok for Manchester United."""
,http://www.hindustantimes.com/india-news/sabarimala-board-chief-says-letting-women-in-will-turn-temple-into-sex-tourism-spot/story-Pn1um2fkfn8PI29sEMkUCL.html,Sabarimala board chief says letting women in will turn temple into 'sex tourism' spot
,https://i.imgur.com/1pSjs5y.gifv,Pennywise glowing sand art
,https://gfycat.com/OrderlyWateryAustraliankestrel,Gigantic leap
,/r/CrappyDesign/comments/76azvi/this_wipes/,This wipes...
,https://imgur.com/3LwRaL8,That Erica girl about to off herself
,https://in.yahoo.com/news/weinstein-tried-hard-aishwarya-alone-205956743.html,"Weinstein Tried Hard to Get Aishwarya Rai Alone, Claims Former Manager"
,/r/funny/comments/76bdnr/when_you_get_the_prime_spot_so_the_guy_at_the/,When you get the prime spot so the guy at the back has to propose by a bench
,/r/AskReddit/comments/76b7nr/homeowners_of_reddit_when_you_purchased_your/,"Homeowners of Reddit: when you purchased your first home, what item did you not think about that ended being very useful to you?"
,/r/madlads/comments/76b4zw/„ÉÑ/,¬Ø\_(„ÉÑ)_/¬Ø
,/r/meirl/comments/76ai8r/meirl/,Meirl
,https://www.ndtv.com/india-news/5-accused-of-carrying-beef-thrashed-in-faridabad-near-delhi-case-against-them-1762897?pfrom=home-lateststories,"5 Accused Of Carrying Beef Thrashed Near Delhi, Case Against Them"
,/r/food/comments/76bv6m/homemade_millionaires_shortbread/,[homemade] Millionaire's Shortbread
,/r/GetMotivated/comments/76bmba/text_today_is_14th_october_2017_by_the_time_this/,"[TEXT] Today is 14th October 2017. By the time this post is one year old, I will make a second post where I become the best version of myself no matter what in order to inspire others to achieve their goals. I believe that any problem is fixable and I want you to believe it, too. Remember this post."
,http://www.hindustantimes.com/analysis/sc-verdict-on-firecrackers-needs-to-be-lauded-not-criticised/story-7RF8BLM7asvXlrJoCdWrhI.html,The Supreme Court verdict on firecrackers needs to be lauded not criticised
,/r/food/comments/766ybp/homemade_steak_sandwich/,[Homemade] Steak sandwich
,/r/trashy/comments/76chwy/now_thats_a_bf_you_can_build_a_future_with/,Now that's a bf you can build a future with!
,https://streamable.com/85evl,Bird hits the foul pole in the ninth to make it 2-1!
,/r/greentext/comments/768ay1/anon_goes_to_the_dentist/,Anon goes to the dentist
,https://i.imgur.com/CTaoVLK.jpg,You're a stalker Ian you think about me every night.
,/r/dankmemes/comments/766tm6/weve_all_been_there/,We've all been there
,/r/rupaulsdragrace/comments/7699g0/bianca_and_katya_on_set/,Bianca and Katya on set
,/r/CringeAnarchy/comments/76afp8/gq_is_life_in_the_handmaids_tale_better_than_life/,"GQ: ""Is life in The Handmaid's Tale better than life in Trump's America?"""
,https://imgur.com/gallery/lDm2d,"Yer a mathemagician, Harry"
,https://i.imgur.com/rvtl5Nz.gifv,My human needs me!
,/r/splatoon/comments/769hsc/miiverse_art_never_ceases_to_amaze_me/,Miiverse art never ceases to amaze me
,https://imgtc.com/w/8d5xgo8,San√© + Sterling + Bald Silva goal vs Stoke City [3-0]
,/r/anime_irl/comments/767vbs/anime_irl/,anime_irl
,https://i.imgur.com/O5XJNaU.jpg,"Rock, Paper, Scissors and touching yourself. Interrelated, apparently"
,/r/freefolk/comments/76bz0b/just_edd/,Just Edd.
,/r/StarWars/comments/76ckur/these_star_wars_themed_stained_glass_windows/,These Star Wars themed stained glass windows
,/r/vegan/comments/768xcl/first_vegan_sushi_roll/,First vegan sushi roll
,https://i.imgur.com/Egpz9qJ.jpg,A cloudy evening in northern Wyoming [4048x3036] OC
,http://www.trtworld.com/middle-east/daesh-surrenders-raqqa-to-us-backed-sdf-monitor-11345/amp,Daesh surrenders Raqqa to US-backed SDF - monitor
,https://fansided.com/2017/10/14/john-makdessi-says-punk-mickey-gall-injured-ahead-ufc-214/,John Makdessi says Mickey Gall injured him ahead of UFC 214 vs Sage Northcutt
,/r/Showerthoughts/comments/76916x/what_if_dogs_destroy_shoes_because_thats_what_we/,What if dogs destroy shoes because thats what we put on before leaving?
,/r/AskReddit/comments/76clpc/if_you_swap_the_first_letters_of_a_famous_persons/,"If you swap the first letters of a famous person's first and last names, who has the funniest result?"
,/r/CFB/comments/76atf6/2nd_straight_oct_13_berkeley_game_where_a_top_10/,2nd straight Oct 13 Berkeley game where a top 10 team loses to an unranked team
,https://twitter.com/op_shield/status/919139013235273728,Turkish troops are expected to deploy to Anadan soon.
,https://i.imgur.com/2CC88mF.jpg,This was in the parking lot of an institution named after a man with over 50 wives
,https://i.imgur.com/2w7zUSc.jpg,Kerala..eat with pride [NP]
,/r/EarthPorn/comments/76b534/caught_with_the_last_sunlight_in_weinheim_germany/,Caught with the last sunlight in Weinheim (Germany) [OC][720x1080]
,https://np.reddit.com/r/Romania/comments/765c15/serios_mama_are_nevoie_de_chirurgie_cardiac%C4%83_nu/docp2hl/?context=3,"The entire Romanian subreddit pulls together and raises ‚Ç¨5000 for a fellow student redditor, to help her mother get heart surgery"
,https://i.imgur.com/YBDWDyS.jpg,My best friend's daughter had to go through 8 rounds of chemo. This is her after her last round.
,/r/WhitePeopleTwitter/comments/76bzef/sardines/,Sardines
,http://www.bbc.com/news/science-environment-41608722?ocid=socialflow_facebook&ns_mchannel=social&ns_campaign=bbcnews&ns_source=facebook,"Penguins die in 'catastrophic' season. Only two penguin chicks survived in a colony of 36,000, after ice levels meant adults had to travel further for food."
,https://www.nationalheraldindia.com/media/i-was-suspected-as-shashi-tharoors-mole-republic-tv-journalist-resigns,‚ÄúI was suspected as Shashi Tharoor‚Äôs mole‚Äù: Republic TV journalist resigns
,https://streamable.com/car7f,De Gea save vs Liverpool
,/r/india/comments/76bt3d/shower_thought_i_detest_that_word_jugaad_it_marks/,[Shower thought] I detest that word 'jugaad'! It marks the uncritical fetishisation of Plan B in a country that seems incapable/incompetent of getting Plan A right.
,/r/Jokes/comments/76a46o/who_decided_to_call_it_marijuana_possession/,"Who decided to call it ‚Äúmarijuana possession"""
,https://imgur.com/xJKYg2i,"I see your mountains and pull you to beautiful Northeast, The largest river island in the world, Majuli"
,https://www.youtube.com/watch?v=wmqWYM0aYng,Arnab Goswami has truly given up on journalism
,https://mybroadband.co.za/news/wireless/11099-massive-revelation-in-iburst-tower-battle.html,TIL about the residents of a neighborhood complaining of mysterious ailments from a new cell phone tower. During a meeting the owner revealed that the tower had been off for over a month. Residents didn't show up to the followup meeting
,/r/mildlyinteresting/comments/76bs09/the_download_code_card_that_i_got_with_a_record_i/,"The download code card that I got with a record I bought had wildflower seeds imbedded in it. If you plant it, they will actually grow!"
,/r/Showerthoughts/comments/76b4iq/two_people_can_never_go_to_each_others_funerals/,Two people can never go to each other's funerals
,https://i.redd.it/y5kf8jc1fqrz.png,'pradhan sevak' meaning in English
,https://www.indiatimes.com/news/india/maharashtra-and-telangana-s-cashless-villages-return-to-cash-villagers-say-it-was-a-mistake-331594.html,"Maharashtra And Telangana's 'Cashless' Villages Return To Cash, Villagers Say It Was A Mistake"
,/r/reddevils/comments/76bd8j/lvg_at_the_match_today/,LvG at the match today
,https://i.redd.it/7ilw1063prrz.jpg,Dad‚Äôs vcd collection that mom is planning to get rid off.
,https://www.thequint.com/news/india/kanpur-traders-compare-modi-to-kim-jong-un,Kanpur Traders Face Criminal Case For Comparing Modi to Kim Jong
,/r/dankmemes/comments/76bgtf/uicidal/,üÖ±Ô∏èuicidal
,https://i.imgur.com/nzRkujc.gifv,Seeya.
,https://i.redd.it/y88ecnt4bprz.jpg,PsBattle: This badass photo of Emma Stone walking in the rain.
,https://i.imgur.com/vVeUNER.gifv,"Worthless, Voxel Art(Minecraft), 960x960"
,https://i.imgur.com/0N2PMTz.gifv,Magic art glass
,/r/india/comments/76bsxz/modi_asks_to_not_keep_cash_deposit_in_icici_bank/,"Modi asks to not keep cash, deposit in ICICI Bank atm gets hacked and lose 1.8lacs [NP]"
,/r/facepalm/comments/76c1y0/its_a_string/,It's a string...
,/r/boottoobig/comments/76c52q/roses_are_red_this_mailbox_is_mine/,"roses are red, this mailbox is mine"
,https://imgur.com/PZOGOFr,Jose Mourinho reunited with Louis Van Gaal
,http://ns.umich.edu/new/releases/25131-minor-parole-violations-behind-high-rate-of-reincarceration,"People convicted of felonies are more likely to return to prison if they are sentenced to prison rather than probation, according to a University of Michigan study."
,https://i.imgur.com/Fbi2xan.png,Ink that make you think [OC]
,https://i.imgur.com/i3v1ZI2.jpg,Instant Messengering
,https://i.imgur.com/Um9Z1hW.gifv,Sphalerite
,https://i.redd.it/hm3e6mqkhsrz.jpg,Problems of IT
,https://gfycat.com/InconsequentialFrenchEagle,Unusual accident involving Sergio Perez back in Formula BMW
,https://twitter.com/squawkanews/status/919195073786638341,"Jurgen Klopp on Man Utd performance: ""For sure, you could not play this way at Liverpool but it's ok for Manchester United."""
,http://www.hindustantimes.com/india-news/sabarimala-board-chief-says-letting-women-in-will-turn-temple-into-sex-tourism-spot/story-Pn1um2fkfn8PI29sEMkUCL.html,Sabarimala board chief says letting women in will turn temple into 'sex tourism' spot
,https://i.imgur.com/1pSjs5y.gifv,Pennywise glowing sand art
,https://gfycat.com/OrderlyWateryAustraliankestrel,Gigantic leap
,/r/CrappyDesign/comments/76azvi/this_wipes/,This wipes...
,https://imgur.com/3LwRaL8,That Erica girl about to off herself
,https://in.yahoo.com/news/weinstein-tried-hard-aishwarya-alone-205956743.html,"Weinstein Tried Hard to Get Aishwarya Rai Alone, Claims Former Manager"
,/r/funny/comments/76bdnr/when_you_get_the_prime_spot_so_the_guy_at_the/,When you get the prime spot so the guy at the back has to propose by a bench
,/r/AskReddit/comments/76b7nr/homeowners_of_reddit_when_you_purchased_your/,"Homeowners of Reddit: when you purchased your first home, what item did you not think about that ended being very useful to you?"
,/r/madlads/comments/76b4zw/„ÉÑ/,¬Ø\_(„ÉÑ)_/¬Ø
,/r/meirl/comments/76ai8r/meirl/,Meirl
,https://www.ndtv.com/india-news/5-accused-of-carrying-beef-thrashed-in-faridabad-near-delhi-case-against-them-1762897?pfrom=home-lateststories,"5 Accused Of Carrying Beef Thrashed Near Delhi, Case Against Them"
,/r/food/comments/76bv6m/homemade_millionaires_shortbread/,[homemade] Millionaire's Shortbread
,/r/GetMotivated/comments/76bmba/text_today_is_14th_october_2017_by_the_time_this/,"[TEXT] Today is 14th October 2017. By the time this post is one year old, I will make a second post where I become the best version of myself no matter what in order to inspire others to achieve their goals. I believe that any problem is fixable and I want you to believe it, too. Remember this post."
,http://www.hindustantimes.com/analysis/sc-verdict-on-firecrackers-needs-to-be-lauded-not-criticised/story-7RF8BLM7asvXlrJoCdWrhI.html,The Supreme Court verdict on firecrackers needs to be lauded not criticised
,https://i.redd.it/obxn44l0orrz.png,She super liked me
,https://i.imgur.com/hGnGi.gifv,Two Gameboys trading Pokemon via Link Cable
,https://i.imgur.com/1pSjs5y.gifv,Pennywise
,https://spoonuniversity.com/lifestyle/pineapple-mouth-burns,"TIL that the enzyme bromelain in pineapples literally digest the tissues in your mouth, hence the sore mouth feeling when you eat pineapples."
,https://i.imgur.com/nzRkujc.gifv,Whoops
,/r/dankmemes/comments/76bw79/watch_out_ladies/,watch out ladies üò©üò©üò©üòçüòçüòçüëåüëåüëåüí¶üí¶üí¶
,https://www.instagram.com/p/BaN8hz6Hs9d/,Warner showing some love for India
,http://abcnews.go.com/US/arrested-1983-racially-motivated-murder-23-year-black/story?id=50473548,5 arrested in 1983 'racially motivated' murder of 23-year-old black man in Georgia
,https://imgur.com/yk91C0s,Antonio Valencia makes his 300th Appearance for Manchester United today!
,/r/trashy/comments/76bk8n/how_else_will_people_know/,How else will people know?
,https://antongorlin.com/wp-content/uploads/2017/10/milford-sound-panorama.jpg,ITAP of the Milford Sound during a lovely evening
,/r/hmmm/comments/76b0bq/hmmm/,hmmm
,https://i.imgur.com/4y9RtmP.jpg,'Chair area'
,https://www.bleepingcomputer.com/news/mobile/kotlin-expected-to-surpass-java-as-android-default-programming-language-for-apps/,Kotlin Expected to Surpass Java as Android Default Programming Language for Apps
,/r/reddevils/comments/76c21f/post_match_thread_liverpool_0_0_manchester_utd/,[Post Match Thread] Liverpool 0 - 0 Manchester Utd
,/r/StarWars/comments/76buqr/i_won_a_lifesized_watto_statue_in_a_phantom/,"I won a life-sized Watto statue in a Phantom Menace contest but had to leave him at my Grandmas when I joined the military 10 years ago. This is my ""monster"" in her guest room."
,/r/MemeEconomy/comments/76ajsq/new_on_the_market_should_invest/,New on the market. Should invest
,/r/Idubbbz/comments/76ahw9/top_10_anime_betrayals/,Top 10 Anime Betrayals
,/r/OnePiece/comments/76b4m0/next_king_of_pirate_and_future_yonko/,Next King of Pirate and future Yonko
,https://i.imgur.com/141kXbh.jpg,BCCI's State of the art technique to dry the wet outfield
,https://i.imgur.com/4UHCyOP.gifv,Cal QB Ross Bowers somersaults into the end zone for a TD
,https://i.imgur.com/JgrOnWa.jpg,Would you like a race perhaps?
,http://www.timesnownews.com/amp/india/article/jammu-and-kashmir-national-anthem-kishtwar-boys-students-school/106250,SHOCKING ASSAULT! Students caned in Jammu and Kashmir for defending national anthem
,https://i.imgur.com/MZ86728.gifv,Autumn vibes
,https://www.imgur.com/0uPlsNF.jpg,Busted!
,/r/ScottishPeopleTwitter/comments/76bxjh/fuck_sake_mum/,fuck sake mum.
,https://youtu.be/UZO5TrZNQ6o,Nayandhalli junction last night. Bangalore.
,/r/funny/comments/76bf2s/side_quest/,Side Quest
,https://gfycat.com/BriefTalkativeDungenesscrab,This guy should be the new team mascot
,/r/WritingPrompts/comments/76b9gc/wp_after_years_of_having_what_you_thought_to_be_a/,"[WP] After years of having what you thought to be a slow computer, you suddenly get a popup:'installation complete'."
,https://i.imgur.com/c8gwEEL.png,Detailed population density map of Belgium (2011) [4997x4212] [OC]
,/r/HistoryPorn/comments/769vyw/wedding_bands_that_were_removed_from_holocaust/,Wedding bands that were removed from holocaust victims before they were executed [3000x2372]
,/r/dankmemes/comments/76blhd/fool_no_one_defies_a_spooky_boi/,FOOL no one defies A spooky boi
,https://i.imgur.com/nnkC6zx.png,"I may look calm, but.."
,/r/cringepics/comments/76bqnp/someone_i_used_to_talk_to_back_in_2010_who_i/,Someone i used to talk to back in 2010 who I haven't seen since I was 13
,https://renderpayment.com/,Thoughts on Render Payment? Potential looks huge for the high risk merchant sector
,http://www.moneycontrol.com/news/india/data-story-north-koreas-children-are-hungry-but-still-better-off-than-indian-kids-2411949.html,"Data Story: North Korea's children are hungry, but still better off than Indian kids - We need to get our priorities straight."
,https://i.imgur.com/do1Dmd9.gifv,Even superheroes need a snack
,https://www.ndtv.com/india-news/modi-wave-has-waned-bjp-rely-on-sympathy-wave-uddhav-thackeray-1762785,"'Modi Wave' Has Waned, BJP Rely On 'Sympathy Wave': Uddhav Thackeray"
,/r/tifu/comments/76ay3v/tifu_by_accidentally_selling_my_girlfriends/,TIFU by accidentally selling my girlfriend's birthday present I gave her back in August
,https://i.redd.it/jw9ut9wlkrrz.jpg,Unexpected wholesomeness
,http://www.firstpost.com/india/five-people-in-faridabad-beaten-up-on-suspicion-of-carrying-beef-haryana-police-books-victims-4141815.html,"Five people in Faridabad beaten up on suspicion of carrying beef, Haryana Police books victims"
,/r/mildlyinteresting/comments/76c4nq/guy_dressed_up_like_trump_bum_laying_on_sidewalk/,Guy dressed up like Trump Bum laying on sidewalk in NYC
,https://pbs.twimg.com/media/DMGhmqEVAAASQo8.jpg,Wedding cards in India used to request people to bring their ration cards with them in the 1940s. (Shankkar Aiyar's Accidental India).
,https://i.imgur.com/HPsGMLZ.jpg,Story of my QA
,https://twitter.com/ManUtd/status/919148324321742848,"United XI vs Liverpool: De Gea, Valencia (c), Jones, Smalling, Young, Darmian, Herrera, Matic, Mkhitaryan, Martial, Lukaku."
,https://en.wikipedia.org/wiki/The_K%C3%B6ln_Concert,"TIL Stagehands mistakenly installed a malfunctioning piano for an hour-long solo Jazz performance. The musician, Keith Jarrett, had to improvise around the instrument's limitations. A recording of this concert went on to become the best selling piano album of all time."
,/r/sydney/comments/76ady1/i_drew_the_north_sydney_skyline_from_the/,I drew the North Sydney skyline from the Warringah Freeway in MS Paint
,https://i.imgur.com/uQLTnz0.jpg,The happiest seal you'll ever see
,https://twitter.com/SkySportsStatto/status/919196257767260160,"Joe Gomez is MOTM: 63 touches, Completed 26/30 passes, 17/18 in opposition half, 2 chances created, 3 tackles, 2 interceptions"
img,img_link,title
,http://www.hindustantimes.com/india-news/sabarimala-board-chief-says-letting-women-in-will-turn-temple-into-sex-tourism-spot/story-Pn1um2fkfn8PI29sEMkUCL.html,Sabarimala board chief says letting women in will turn temple into 'sex tourism' spot
,http://www.hindustantimes.com/analysis/sc-verdict-on-firecrackers-needs-to-be-lauded-not-criticised/story-7RF8BLM7asvXlrJoCdWrhI.html,The Supreme Court verdict on firecrackers needs to be lauded not criticised
,http://ns.umich.edu/new/releases/25131-minor-parole-violations-behind-high-rate-of-reincarceration,"People convicted of felonies are more likely to return to prison if they are sentenced to prison rather than probation, according to a University of Michigan study."
,https://gfycat.com/InconsequentialFrenchEagle,Unusual accident involving Sergio Perez back in Formula BMW
,https://www.ndtv.com/india-news/5-accused-of-carrying-beef-thrashed-in-faridabad-near-delhi-case-against-them-1762897?pfrom=home-lateststories,"5 Accused Of Carrying Beef Thrashed Near Delhi, Case Against Them"
,https://imgur.com/PZOGOFr,Jose Mourinho reunited with Louis Van Gaal
,https://in.yahoo.com/news/weinstein-tried-hard-aishwarya-alone-205956743.html,"Weinstein Tried Hard to Get Aishwarya Rai Alone, Claims Former Manager"
,https://gfycat.com/OrderlyWateryAustraliankestrel,Gigantic leap
"[{'url': 'https://i.redd.it/hm3e6mqkhsrz.jpg', 'path': 'full/a8343e0c0c07b278d6e23cb25ae80689373d2f2d.jpg', 'checksum': '2d40f7eb9b44227d39d603c9d043091e'}]",https://i.redd.it/hm3e6mqkhsrz.jpg,Problems of IT
,https://twitter.com/squawkanews/status/919195073786638341,"Jurgen Klopp on Man Utd performance: ""For sure, you could not play this way at Liverpool but it's ok for Manchester United."""
,https://imgur.com/3LwRaL8,That Erica girl about to off herself
,https://imgur.com/yk91C0s,Antonio Valencia makes his 300th Appearance for Manchester United today!
,https://i.imgur.com/hGnGi.gifv,Two Gameboys trading Pokemon via Link Cable
,https://i.imgur.com/1pSjs5y.gifv,Pennywise glowing sand art
,https://i.imgur.com/1pSjs5y.gifv,Pennywise
,https://i.imgur.com/nzRkujc.gifv,Whoops
,https://i.imgur.com/Um9Z1hW.gifv,Sphalerite
